Statistic,PSNR,SSIM,LPIPS,CAMBI,BBAND,DBI
Mean,31.3830369167285,0.941340610326069,0.11014684194727724,0.9547118545313108,0.6323047334409291,0.03520406918094767
Median,30.425373910055054,0.9519948714907168,0.0994113273918628,0.195782,0.6020646812531965,0.0
Min,23.243210107791867,0.5630280246205926,0.0035478493664413,0.0,0.0,0.0
Max,44.39237052426398,0.99839494090271,0.5030907988548279,10.489562,1.85102236525748,0.5858908508465815
Std,4.098326718811723,0.0480159417732037,0.06574718298657986,1.6061678494783838,0.2771431925549136,0.05997879712861331
