Statistic,PSNR,SSIM,LPIPS,CAMBI,BBAND,DBI
Mean,34.58442803598978,0.9643554007917522,0.07086329701208428,0.05663844457409569,0.46433661031627066,0.12234972393760209
Median,34.869283102581704,0.9680039839930534,0.054021054878830896,0.0,0.503834749667629,0.0860543742577625
Min,19.855102973676814,0.5306321150689125,0.0063660265877842,0.0,0.0,0.0
Max,43.092792354703285,0.9954575159158706,0.5376962423324585,4.077297,1.05170367852258,0.8595990188124011
Std,3.1581328042518293,0.026793548187073225,0.059811338767939703,0.20174478839082768,0.18791343635139768,0.12697623572473962
