Statistic,PSNR,SSIM,LPIPS,CAMBI,BBAND,DBI
Mean,34.363891795172975,0.9569450212576035,0.09307446234447653,1.7284693772851032,0.8200682903871638,0.03423816654835961
Median,34.53489236181417,0.9675518034927845,0.08069812878966325,0.007411,0.855903295811973,0.0
Min,25.01388575894634,0.7335757539753914,0.0046632527373731,0.0,0.0,0.0
Max,42.88313822812568,0.9984822568912506,0.4095201194286346,16.816205,2.63636475777438,0.7967209523010579
Std,3.22282361292663,0.03552696323011284,0.05824043950882646,3.2318284460445503,0.3798327574597408,0.06709007204914862
