Statistic,PSNR,SSIM,LPIPS,CAMBI,BBAND,DBI
Mean,30.5972848904331,0.9050839806011504,0.14029395078442544,0.8239646491637496,0.8534855209203271,0.056529018513022396
Median,31.03010589541798,0.9411196316343304,0.1226652562618255,0.0034815000000000002,0.805942149255292,0.0156526794719701
Min,11.337441750336868,0.2829236066855128,0.0119089074432849,0.0,0.0,0.0
Max,42.85243981460898,0.99757773286438,0.8339282274246216,12.819298,4.13627033065167,1.0
Std,5.464308563137162,0.09718898860751772,0.08426849574089001,1.8584843110793499,0.41319679653627,0.10382716474614434
