Statistic,PSNR,SSIM,LPIPS,CAMBI,BBAND,DBI
Mean,32.43222321325241,0.9268999915659748,0.18791935864353473,3.6192537312329836,1.229622188234993,0.004842658453345942
Median,33.16005123400074,0.9618802447560355,0.15663389861583704,1.1172205,1.2422706872818,0.0
Min,16.321352685719216,0.4034982092963659,0.0085883373394608,0.0,0.0,0.0
Max,42.66221058077618,0.9979894943494796,0.9069718718528748,22.751937,2.24976368665149,0.2575361748516701
Std,5.0217987854977855,0.08524141004515967,0.13279076976534865,4.917458521633673,0.2521485213976537,0.017315634612897153
