Statistic,PSNR,SSIM,LPIPS,CAMBI,BBAND,DBI
Mean,35.00511175331494,0.9665954139482984,0.06554910661062226,0.05468988311940879,0.48427984816817965,0.10380243147162685
Median,35.29864248120453,0.970342032742977,0.049080874770879704,0.0,0.525095063133583,0.07039224984241166
Min,20.22651526307495,0.546588688831687,0.0057345540262758,0.0,0.0,0.0
Max,43.0165891337618,0.995574387002945,0.5242926478385925,4.573911,1.06865116948155,0.7970824338642007
Std,3.1302267249119016,0.025544480888782008,0.05679892138201246,0.20209756712066856,0.1941862475637092,0.11188854683230277
